Mumbai	Maharashtra
Port Blair	Andaman and Nicobar Islands
Visakhapatnam	Andhra Pradesh
Vijayawada	Andhra Pradesh
Guntur	Andhra Pradesh
Nellore	Andhra Pradesh
Kurnool	Andhra Pradesh
Rajahmundry	Andhra Pradesh
Kakinada	Andhra Pradesh
Tirupati	Andhra Pradesh
Anantapur	Andhra Pradesh
Kadapa	Andhra Pradesh
Vizianagaram	Andhra Pradesh
Eluru	Andhra Pradesh
Ongole	Andhra Pradesh
Nandyal	Andhra Pradesh
Machilipatnam	Andhra Pradesh
Adoni	Andhra Pradesh
Tenali	Andhra Pradesh
Chittoor	Andhra Pradesh
Hindupur	Andhra Pradesh
Proddatur	Andhra Pradesh
Bhimavaram	Andhra Pradesh
Madanapalle	Andhra Pradesh
Guntakal	Andhra Pradesh
Dharmavaram	Andhra Pradesh
Gudivada	Andhra Pradesh
Srikakulam	Andhra Pradesh
Narasaraopet	Andhra Pradesh
Rajampet	Andhra Pradesh
Tadpatri	Andhra Pradesh
Tadepalligudem	Andhra Pradesh
Chilakaluripet	Andhra Pradesh
Yemmiganur	Andhra Pradesh
Kadiri	Andhra Pradesh
Chirala	Andhra Pradesh
Anakapalle	Andhra Pradesh
Kavali	Andhra Pradesh
Palacole	Andhra Pradesh
Sullurpeta	Andhra Pradesh
Tanuku	Andhra Pradesh
Rayachoti	Andhra Pradesh
Srikalahasti	Andhra Pradesh
Bapatla	Andhra Pradesh
Naidupet	Andhra Pradesh
Nagari	Andhra Pradesh
Gudur	Andhra Pradesh
Vinukonda	Andhra Pradesh
Narasapuram	Andhra Pradesh
Nuzvid	Andhra Pradesh
Markapur	Andhra Pradesh
Ponnur	Andhra Pradesh
Kandukur	Andhra Pradesh
Bobbili	Andhra Pradesh
Rayadurg	Andhra Pradesh
Samalkot	Andhra Pradesh
Jaggaiahpet	Andhra Pradesh
Tuni	Andhra Pradesh
Amalapuram	Andhra Pradesh
Bheemunipatnam	Andhra Pradesh
Venkatagiri	Andhra Pradesh
Sattenapalle	Andhra Pradesh
Pithapuram	Andhra Pradesh
Palasa Kasibugga	Andhra Pradesh
Parvathipuram	Andhra Pradesh
Macherla	Andhra Pradesh
Gooty	Andhra Pradesh
Salur	Andhra Pradesh
Mandapeta	Andhra Pradesh
Jammalamadugu	Andhra Pradesh
Peddapuram	Andhra Pradesh
Punganur	Andhra Pradesh
Nidadavole	Andhra Pradesh
Repalle	Andhra Pradesh
Ramachandrapuram	Andhra Pradesh
Kovvur	Andhra Pradesh
Tiruvuru	Andhra Pradesh
Uravakonda	Andhra Pradesh
Narsipatnam	Andhra Pradesh
Yerraguntla	Andhra Pradesh
Pedana	Andhra Pradesh
Renigunta	Andhra Pradesh
Rajam	Andhra Pradesh
Srisailam Project (Right Flank Colony) Township	Andhra Pradesh
Naharlagun	Arunachal Pradesh
Pasighat	Arunachal Pradesh
Guwahati	Assam
Silchar	Assam
Dibrugarh	Assam
Nagaon	Assam
Tinsukia	Assam
Jorhat	Assam
Bongaigaon City	Assam
Dhubri	Assam
Diphu	Assam
North Lakhimpur	Assam
Tezpur	Assam
Karimganj	Assam
Sibsagar	Assam
Goalpara	Assam
Barpeta	Assam
Lanka	Assam
Lumding	Assam
Mankachar	Assam
Nalbari	Assam
Rangia	Assam
Margherita	Assam
Mangaldoi	Assam
Silapathar	Assam
Mariani	Assam
Marigaon	Assam
Patna	Bihar
Gaya	Bihar
Bhagalpur	Bihar
Muzaffarpur	Bihar
Darbhanga	Bihar
Arrah	Bihar
Begusarai	Bihar
Chhapra	Bihar
Katihar	Bihar
Munger	Bihar
Purnia	Bihar
Saharsa	Bihar
Sasaram	Bihar
Hajipur	Bihar
Dehri-on-Sone	Bihar
Bettiah	Bihar
Motihari	Bihar
Bagaha	Bihar
Siwan	Bihar
Kishanganj	Bihar
Jamalpur	Bihar
Buxar	Bihar
Jehanabad	Bihar
Lakhisarai	Bihar
Nawada	Bihar
Jamui	Bihar
Sitamarhi	Bihar
Araria	Bihar
Gopalganj	Bihar
Madhubani	Bihar
Masaurhi	Bihar
Samastipur	Bihar
Mokameh	Bihar
Supaul	Bihar
Dumraon	Bihar
Arwal	Bihar
Forbesganj	Bihar
BhabUrban Agglomeration	Bihar
Narkatiaganj	Bihar
Naugachhia	Bihar
Madhepura	Bihar
Sheikhpura	Bihar
Sultanganj	Bihar
Raxaul Bazar	Bihar
Ramnagar	Bihar
Mahnar Bazar	Bihar
Warisaliganj	Bihar
Revelganj	Bihar
Rajgir	Bihar
Sonepur	Bihar
Sherghati	Bihar
Sugauli	Bihar
Makhdumpur	Bihar
Maner	Bihar
Rosera	Bihar
Nokha	Bihar
Piro	Bihar
Rafiganj	Bihar
Marhaura	Bihar
Mirganj	Bihar
Lalganj	Bihar
Murliganj	Bihar
Motipur	Bihar
Manihari	Bihar
Sheohar	Bihar
Maharajganj	Bihar
Silao	Bihar
Barh	Bihar
Asarganj	Bihar
Chandigarh	Chandigarh
Raipur	Chhattisgarh
Bhilai Nagar	Chhattisgarh
Korba	Chhattisgarh
Bilaspur	Chhattisgarh
Durg	Chhattisgarh
Rajnandgaon	Chhattisgarh
Jagdalpur	Chhattisgarh
Raigarh	Chhattisgarh
Ambikapur	Chhattisgarh
Mahasamund	Chhattisgarh
Dhamtari	Chhattisgarh
Chirmiri	Chhattisgarh
Bhatapara	Chhattisgarh
Dalli-Rajhara	Chhattisgarh
Naila Janjgir	Chhattisgarh
Tilda Newra	Chhattisgarh
Mungeli	Chhattisgarh
Manendragarh	Chhattisgarh
Sakti	Chhattisgarh
Silvassa	Dadra and Nagar Haveli
Delhi	Delhi
New Delhi	Delhi
Marmagao	Goa
Panaji	Goa
Margao	Goa
Mapusa	Goa
Ahmedabad	Gujarat
Surat	Gujarat
Vadodara	Gujarat
Rajkot	Gujarat
Bhavnagar	Gujarat
Jamnagar	Gujarat
Nadiad	Gujarat
Porbandar	Gujarat
Anand	Gujarat
Morvi	Gujarat
Mahesana	Gujarat
Bharuch	Gujarat
Vapi	Gujarat
Navsari	Gujarat
Veraval	Gujarat
Bhuj	Gujarat
Godhra	Gujarat
Palanpur	Gujarat
Valsad	Gujarat
Patan	Gujarat
Deesa	Gujarat
Amreli	Gujarat
Anjar	Gujarat
Dhoraji	Gujarat
Khambhat	Gujarat
Mahuva	Gujarat
Keshod	Gujarat
Wadhwan	Gujarat
Ankleshwar	Gujarat
Savarkundla	Gujarat
Kadi	Gujarat
Visnagar	Gujarat
Upleta	Gujarat
Una	Gujarat
Sidhpur	Gujarat
Unjha	Gujarat
Mangrol	Gujarat
Viramgam	Gujarat
Modasa	Gujarat
Palitana	Gujarat
Petlad	Gujarat
Kapadvanj	Gujarat
Sihor	Gujarat
Wankaner	Gujarat
Limbdi	Gujarat
Mandvi	Gujarat
Thangadh	Gujarat
Vyara	Gujarat
Padra	Gujarat
Lunawada	Gujarat
Rajpipla	Gujarat
Umreth	Gujarat
Sanand	Gujarat
Rajula	Gujarat
Radhanpur	Gujarat
Mahemdabad	Gujarat
Ranavav	Gujarat
Tharad	Gujarat
Mansa	Gujarat
Umbergaon	Gujarat
Talaja	Gujarat
Vadnagar	Gujarat
Manavadar	Gujarat
Salaya	Gujarat
Vijapur	Gujarat
Pardi	Gujarat
Rapar	Gujarat
Songadh	Gujarat
Lathi	Gujarat
Adalaj	Gujarat
Faridabad	Haryana
Gurgaon	Haryana
Hisar	Haryana
Rohtak	Haryana
Panipat	Haryana
Karnal	Haryana
Sonipat	Haryana
Yamunanagar	Haryana
Panchkula	Haryana
Bhiwani	Haryana
Bahadurgarh	Haryana
Jind	Haryana
Sirsa	Haryana
Thanesar	Haryana
Kaithal	Haryana
Palwal	Haryana
Rewari	Haryana
Hansi	Haryana
Narnaul	Haryana
Fatehabad	Haryana
Gohana	Haryana
Tohana	Haryana
Narwana	Haryana
Mandi Dabwali	Haryana
Charkhi Dadri	Haryana
Shahbad	Haryana
Pehowa	Haryana
Samalkha	Haryana
Pinjore	Haryana
Ladwa	Haryana
Sohna	Haryana
Safidon	Haryana
Taraori	Haryana
Mahendragarh	Haryana
Ratia	Haryana
Rania	Haryana
Sarsod	Haryana
Shimla	Himachal Pradesh
Mandi	Himachal Pradesh
Solan	Himachal Pradesh
Nahan	Himachal Pradesh
Sundarnagar	Himachal Pradesh
Palampur	Himachal Pradesh
Srinagar	Jammu and Kashmir
Jammu	Jammu and Kashmir
Baramula	Jammu and Kashmir
Anantnag	Jammu and Kashmir
Sopore	Jammu and Kashmir
KathUrban Agglomeration	Jammu and Kashmir
Rajauri	Jammu and Kashmir
Punch	Jammu and Kashmir
Udhampur	Jammu and Kashmir
Dhanbad	Jharkhand
Ranchi	Jharkhand
Jamshedpur	Jharkhand
Bokaro Steel City	Jharkhand
Deoghar	Jharkhand
Phusro	Jharkhand
Adityapur	Jharkhand
Hazaribag	Jharkhand
Giridih	Jharkhand
Ramgarh	Jharkhand
Jhumri Tilaiya	Jharkhand
Saunda	Jharkhand
Sahibganj	Jharkhand
Medininagar (Daltonganj)	Jharkhand
Chaibasa	Jharkhand
Chatra	Jharkhand
Gumia	Jharkhand
Dumka	Jharkhand
Madhupur	Jharkhand
Chirkunda	Jharkhand
Pakaur	Jharkhand
Simdega	Jharkhand
Musabani	Jharkhand
Mihijam	Jharkhand
Patratu	Jharkhand
Lohardaga	Jharkhand
Tenu dam-cum-Kathhara	Jharkhand
Bengaluru	Karnataka
Hubli-Dharwad	Karnataka
Belagavi	Karnataka
Mangaluru	Karnataka
Davanagere	Karnataka
Ballari	Karnataka
Tumkur	Karnataka
Shivamogga	Karnataka
Raayachuru	Karnataka
Robertson Pet	Karnataka
Kolar	Karnataka
Mandya	Karnataka
Udupi	Karnataka
Chikkamagaluru	Karnataka
Karwar	Karnataka
Ranebennuru	Karnataka
Ranibennur	Karnataka
Ramanagaram	Karnataka
Gokak	Karnataka
Yadgir	Karnataka
Rabkavi Banhatti	Karnataka
Shahabad	Karnataka
Sirsi	Karnataka
Sindhnur	Karnataka
Tiptur	Karnataka
Arsikere	Karnataka
Nanjangud	Karnataka
Sagara	Karnataka
Sira	Karnataka
Puttur	Karnataka
Athni	Karnataka
Mulbagal	Karnataka
Surapura	Karnataka
Siruguppa	Karnataka
Mudhol	Karnataka
Sidlaghatta	Karnataka
Shahpur	Karnataka
Saundatti-Yellamma	Karnataka
Wadi	Karnataka
Manvi	Karnataka
Nelamangala	Karnataka
Lakshmeshwar	Karnataka
Ramdurg	Karnataka
Nargund	Karnataka
Tarikere	Karnataka
Malavalli	Karnataka
Savanur	Karnataka
Lingsugur	Karnataka
Vijayapura	Karnataka
Sankeshwara	Karnataka
Madikeri	Karnataka
Talikota	Karnataka
Sedam	Karnataka
Shikaripur	Karnataka
Mahalingapura	Karnataka
Mudalagi	Karnataka
Muddebihal	Karnataka
Pavagada	Karnataka
Malur	Karnataka
Sindhagi	Karnataka
Sanduru	Karnataka
Afzalpur	Karnataka
Maddur	Karnataka
Madhugiri	Karnataka
Tekkalakote	Karnataka
Terdal	Karnataka
Mudabidri	Karnataka
Magadi	Karnataka
Navalgund	Karnataka
Shiggaon	Karnataka
Shrirangapattana	Karnataka
Sindagi	Karnataka
Sakaleshapura	Karnataka
Srinivaspur	Karnataka
Ron	Karnataka
Mundargi	Karnataka
Sadalagi	Karnataka
Piriyapatna	Karnataka
Adyar	Karnataka
Mysore	Karnatka
Thiruvananthapuram	Kerala
Kochi	Kerala
Kozhikode	Kerala
Kollam	Kerala
Thrissur	Kerala
Palakkad	Kerala
Alappuzha	Kerala
Malappuram	Kerala
Ponnani	Kerala
Vatakara	Kerala
Kanhangad	Kerala
Taliparamba	Kerala
Koyilandy	Kerala
Neyyattinkara	Kerala
Kayamkulam	Kerala
Nedumangad	Kerala
Kannur	Kerala
Tirur	Kerala
Kottayam	Kerala
Kasaragod	Kerala
Kunnamkulam	Kerala
Ottappalam	Kerala
Thiruvalla	Kerala
Thodupuzha	Kerala
Chalakudy	Kerala
Changanassery	Kerala
Punalur	Kerala
Nilambur	Kerala
Cherthala	Kerala
Perinthalmanna	Kerala
Mattannur	Kerala
Shoranur	Kerala
Varkala	Kerala
Paravoor	Kerala
Pathanamthitta	Kerala
Peringathur	Kerala
Attingal	Kerala
Kodungallur	Kerala
Pappinisseri	Kerala
Chittur-Thathamangalam	Kerala
Muvattupuzha	Kerala
Adoor	Kerala
Mavelikkara	Kerala
Mavoor	Kerala
Perumbavoor	Kerala
Vaikom	Kerala
Palai	Kerala
Panniyannur	Kerala
Guruvayoor	Kerala
Puthuppally	Kerala
Panamattom	Kerala
Indore	Madhya Pradesh
Bhopal	Madhya Pradesh
Jabalpur	Madhya Pradesh
Gwalior	Madhya Pradesh
Ujjain	Madhya Pradesh
Sagar	Madhya Pradesh
Ratlam	Madhya Pradesh
Satna	Madhya Pradesh
Murwara (Katni)	Madhya Pradesh
Morena	Madhya Pradesh
Singrauli	Madhya Pradesh
Rewa	Madhya Pradesh
Vidisha	Madhya Pradesh
Ganjbasoda	Madhya Pradesh
Shivpuri	Madhya Pradesh
Mandsaur	Madhya Pradesh
Neemuch	Madhya Pradesh
Nagda	Madhya Pradesh
Itarsi	Madhya Pradesh
Sarni	Madhya Pradesh
Sehore	Madhya Pradesh
Mhow Cantonment	Madhya Pradesh
Seoni	Madhya Pradesh
Balaghat	Madhya Pradesh
Ashok Nagar	Madhya Pradesh
Tikamgarh	Madhya Pradesh
Shahdol	Madhya Pradesh
Pithampur	Madhya Pradesh
Alirajpur	Madhya Pradesh
Mandla	Madhya Pradesh
Sheopur	Madhya Pradesh
Shajapur	Madhya Pradesh
Panna	Madhya Pradesh
Raghogarh-Vijaypur	Madhya Pradesh
Sendhwa	Madhya Pradesh
Sidhi	Madhya Pradesh
Pipariya	Madhya Pradesh
Shujalpur	Madhya Pradesh
Sironj	Madhya Pradesh
Pandhurna	Madhya Pradesh
Nowgong	Madhya Pradesh
Mandideep	Madhya Pradesh
Sihora	Madhya Pradesh
Raisen	Madhya Pradesh
Lahar	Madhya Pradesh
Maihar	Madhya Pradesh
Sanawad	Madhya Pradesh
Sabalgarh	Madhya Pradesh
Umaria	Madhya Pradesh
Porsa	Madhya Pradesh
Narsinghgarh	Madhya Pradesh
Malaj Khand	Madhya Pradesh
Sarangpur	Madhya Pradesh
Mundi	Madhya Pradesh
Nepanagar	Madhya Pradesh
Pasan	Madhya Pradesh
Mahidpur	Madhya Pradesh
Seoni-Malwa	Madhya Pradesh
Rehli	Madhya Pradesh
Manawar	Madhya Pradesh
Rahatgarh	Madhya Pradesh
Panagar	Madhya Pradesh
Wara Seoni	Madhya Pradesh
Tarana	Madhya Pradesh
Sausar	Madhya Pradesh
Rajgarh	Madhya Pradesh
Niwari	Madhya Pradesh
Mauganj	Madhya Pradesh
Manasa	Madhya Pradesh
Nainpur	Madhya Pradesh
Prithvipur	Madhya Pradesh
Sohagpur	Madhya Pradesh
Nowrozabad (Khodargama)	Madhya Pradesh
Shamgarh	Madhya Pradesh
Maharajpur	Madhya Pradesh
Multai	Madhya Pradesh
Pali	Madhya Pradesh
Pachore	Madhya Pradesh
Rau	Madhya Pradesh
Mhowgaon	Madhya Pradesh
Vijaypur	Madhya Pradesh
Pune	Maharashtra
Nagpur	Maharashtra
Thane	Maharashtra
Nashik	Maharashtra
Kalyan-Dombivali	Maharashtra
Vasai-Virar	Maharashtra
Solapur	Maharashtra
Mira-Bhayandar	Maharashtra
Bhiwandi	Maharashtra
Amravati	Maharashtra
Nanded-Waghala	Maharashtra
Sangli	Maharashtra
Malegaon	Maharashtra
Akola	Maharashtra
Latur	Maharashtra
Dhule	Maharashtra
Ahmednagar	Maharashtra
Ichalkaranji	Maharashtra
Parbhani	Maharashtra
Panvel	Maharashtra
Yavatmal	Maharashtra
Achalpur	Maharashtra
Osmanabad	Maharashtra
Nandurbar	Maharashtra
Satara	Maharashtra
Wardha	Maharashtra
Udgir	Maharashtra
Aurangabad	Maharashtra
Amalner	Maharashtra
Akot	Maharashtra
Pandharpur	Maharashtra
Shrirampur	Maharashtra
Parli	Maharashtra
Washim	Maharashtra
Ambejogai	Maharashtra
Manmad	Maharashtra
Ratnagiri	Maharashtra
Uran Islampur	Maharashtra
Pusad	Maharashtra
Sangamner	Maharashtra
Shirpur-Warwade	Maharashtra
Malkapur	Maharashtra
Wani	Maharashtra
Lonavla	Maharashtra
Talegaon Dabhade	Maharashtra
Anjangaon	Maharashtra
Umred	Maharashtra
Palghar	Maharashtra
Shegaon	Maharashtra
Ozar	Maharashtra
Phaltan	Maharashtra
Yevla	Maharashtra
Shahade	Maharashtra
Vita	Maharashtra
Umarkhed	Maharashtra
Warora	Maharashtra
Pachora	Maharashtra
Tumsar	Maharashtra
Manjlegaon	Maharashtra
Sillod	Maharashtra
Arvi	Maharashtra
Nandura	Maharashtra
Vaijapur	Maharashtra
Wadgaon Road	Maharashtra
Sailu	Maharashtra
Murtijapur	Maharashtra
Tasgaon	Maharashtra
Mehkar	Maharashtra
Yawal	Maharashtra
Pulgaon	Maharashtra
Nilanga	Maharashtra
Wai	Maharashtra
Umarga	Maharashtra
Paithan	Maharashtra
Rahuri	Maharashtra
Nawapur	Maharashtra
Tuljapur	Maharashtra
Morshi	Maharashtra
Purna	Maharashtra
Satana	Maharashtra
Pathri	Maharashtra
Sinnar	Maharashtra
Uchgaon	Maharashtra
Uran	Maharashtra
Pen	Maharashtra
Karjat	Maharashtra
Manwath	Maharashtra
Partur	Maharashtra
Sangole	Maharashtra
Mangrulpir	Maharashtra
Risod	Maharashtra
Shirur	Maharashtra
Savner	Maharashtra
Sasvad	Maharashtra
Pandharkaoda	Maharashtra
Talode	Maharashtra
Shrigonda	Maharashtra
Shirdi	Maharashtra
Raver	Maharashtra
Mukhed	Maharashtra
Rajura	Maharashtra
Vadgaon Kasba	Maharashtra
Tirora	Maharashtra
Mahad	Maharashtra
Lonar	Maharashtra
Sawantwadi	Maharashtra
Pathardi	Maharashtra
Pauni	Maharashtra
Ramtek	Maharashtra
Mul	Maharashtra
Soyagaon	Maharashtra
Mangalvedhe	Maharashtra
Narkhed	Maharashtra
Shendurjana	Maharashtra
Patur	Maharashtra
Mhaswad	Maharashtra
Loha	Maharashtra
Nandgaon	Maharashtra
Warud	Maharashtra
Imphal	Manipur
Thoubal	Manipur
Lilong	Manipur
Mayang Imphal	Manipur
Shillong	Meghalaya
Tura	Meghalaya
Nongstoin	Meghalaya
Aizawl	Mizoram
Lunglei	Mizoram
Saiha	Mizoram
Dimapur	Nagaland
Kohima	Nagaland
Zunheboto	Nagaland
Tuensang	Nagaland
Wokha	Nagaland
Mokokchung	Nagaland
Bhubaneswar	Odisha
Cuttack	Odisha
Raurkela	Odisha
Brahmapur	Odisha
Sambalpur	Odisha
Puri	Odisha
Baleshwar Town	Odisha
Baripada Town	Odisha
Bhadrak	Odisha
Balangir	Odisha
Jharsuguda	Odisha
Bargarh	Odisha
Paradip	Odisha
Bhawanipatna	Odisha
Dhenkanal	Odisha
Barbil	Odisha
Kendujhar	Odisha
Sunabeda	Odisha
Rayagada	Odisha
Jatani	Odisha
Byasanagar	Odisha
Kendrapara	Odisha
Rajagangapur	Odisha
Parlakhemundi	Odisha
Talcher	Odisha
Sundargarh	Odisha
Phulabani	Odisha
Pattamundai	Odisha
Titlagarh	Odisha
Nabarangapur	Odisha
Soro	Odisha
Malkangiri	Odisha
Rairangpur	Odisha
Tarbha	Odisha
Pondicherry	Puducherry
Karaikal	Puducherry
Yanam	Puducherry
Mahe	Puducherry
Ludhiana	Punjab
Patiala	Punjab
Amritsar	Punjab
Jalandhar	Punjab
Bathinda	Punjab
Pathankot	Punjab
Hoshiarpur	Punjab
Batala	Punjab
Moga	Punjab
Malerkotla	Punjab
Khanna	Punjab
Mohali	Punjab
Barnala	Punjab
Firozpur	Punjab
Phagwara	Punjab
Kapurthala	Punjab
Zirakpur	Punjab
Kot Kapura	Punjab
Faridkot	Punjab
Muktsar	Punjab
Rajpura	Punjab
Sangrur	Punjab
Fazilka	Punjab
Gurdaspur	Punjab
Kharar	Punjab
Gobindgarh	Punjab
Mansa2	Punjab
Malout	Punjab
Nabha	Punjab
Tarn Taran	Punjab
Jagraon	Punjab
Sunam	Punjab
Dhuri	Punjab
Firozpur Cantt.	Punjab
Sirhind Fatehgarh Sahib	Punjab
Rupnagar	Punjab
Jalandhar Cantt.	Punjab
Samana	Punjab
Nawanshahr	Punjab
Rampura Phul	Punjab
Nangal	Punjab
Nakodar	Punjab
Zira	Punjab
Patti	Punjab
Raikot	Punjab
Longowal	Punjab
Urmar Tanda	Punjab
Phillaur	Punjab
Pattran	Punjab
Qadian	Punjab
Sujanpur	Punjab
Mukerian	Punjab
Talwara	Punjab
Jaipur	Rajasthan
Jodhpur	Rajasthan
Bikaner	Rajasthan
Udaipur	Rajasthan
Ajmer	Rajasthan
Bhilwara	Rajasthan
Alwar	Rajasthan
Bharatpur	Rajasthan
Pali	Rajasthan
Barmer	Rajasthan
Sikar	Rajasthan
Tonk	Rajasthan
Sadulpur	Rajasthan
Sawai Madhopur	Rajasthan
Nagaur	Rajasthan
Makrana	Rajasthan
Sujangarh	Rajasthan
Sardarshahar	Rajasthan
Ladnu	Rajasthan
Ratangarh	Rajasthan
Nokha2	Rajasthan
Nimbahera	Rajasthan
Suratgarh	Rajasthan
Rajsamand	Rajasthan
Lachhmangarh	Rajasthan
Rajgarh (Churu)	Rajasthan
Nasirabad	Rajasthan
Nohar	Rajasthan
Phalodi	Rajasthan
Nathdwara	Rajasthan
Pilani	Rajasthan
Merta City	Rajasthan
Sojat	Rajasthan
Neem-Ka-Thana	Rajasthan
Sirohi	Rajasthan
Pratapgarh	Rajasthan
Rawatbhata	Rajasthan
Sangaria	Rajasthan
Lalsot	Rajasthan
Pilibanga	Rajasthan
Pipar City	Rajasthan
Taranagar	Rajasthan
Vijainagar	Rajasthan
Sumerpur	Rajasthan
Sagwara	Rajasthan
Ramganj Mandi	Rajasthan
Lakheri	Rajasthan
Udaipurwati	Rajasthan
Losal	Rajasthan
Sri Madhopur	Rajasthan
Ramngarh	Rajasthan
Rawatsar	Rajasthan
Rajakhera	Rajasthan
Shahpura	Rajasthan
Shahpura	Rajasthan
Raisinghnagar	Rajasthan
Malpura	Rajasthan
Nadbai	Rajasthan
Sanchore	Rajasthan
Nagar	Rajasthan
Rajgarh (Alwar)	Rajasthan
Sheoganj	Rajasthan
Sadri	Rajasthan
Todaraisingh	Rajasthan
Todabhim	Rajasthan
Reengus	Rajasthan
Rajaldesar	Rajasthan
Sadulshahar	Rajasthan
Sambhar	Rajasthan
Prantij	Rajasthan
Mount Abu	Rajasthan
Mangrol	Rajasthan
Phulera	Rajasthan
Mandawa	Rajasthan
Pindwara	Rajasthan
Mandalgarh	Rajasthan
Takhatgarh	Rajasthan
Chennai	Tamil Nadu
Coimbatore	Tamil Nadu
Madurai	Tamil Nadu
Tiruchirappalli	Tamil Nadu
Salem	Tamil Nadu
Tirunelveli	Tamil Nadu
Tiruppur	Tamil Nadu
Ranipet	Tamil Nadu
Nagercoil	Tamil Nadu
Thanjavur	Tamil Nadu
Vellore	Tamil Nadu
Kancheepuram	Tamil Nadu
Erode	Tamil Nadu
Tiruvannamalai	Tamil Nadu
Pollachi	Tamil Nadu
Rajapalayam	Tamil Nadu
Sivakasi	Tamil Nadu
Pudukkottai	Tamil Nadu
Neyveli (TS)	Tamil Nadu
Nagapattinam	Tamil Nadu
Viluppuram	Tamil Nadu
Tiruchengode	Tamil Nadu
Vaniyambadi	Tamil Nadu
Theni Allinagaram	Tamil Nadu
Udhagamandalam	Tamil Nadu
Aruppukkottai	Tamil Nadu
Paramakudi	Tamil Nadu
Arakkonam	Tamil Nadu
Virudhachalam	Tamil Nadu
Srivilliputhur	Tamil Nadu
Tindivanam	Tamil Nadu
Virudhunagar	Tamil Nadu
Karur	Tamil Nadu
Valparai	Tamil Nadu
Sankarankovil	Tamil Nadu
Tenkasi	Tamil Nadu
Palani	Tamil Nadu
Pattukkottai	Tamil Nadu
Tirupathur	Tamil Nadu
Ramanathapuram	Tamil Nadu
Udumalaipettai	Tamil Nadu
Gobichettipalayam	Tamil Nadu
Thiruvarur	Tamil Nadu
Thiruvallur	Tamil Nadu
Panruti	Tamil Nadu
Namakkal	Tamil Nadu
Thirumangalam	Tamil Nadu
Vikramasingapuram	Tamil Nadu
Nellikuppam	Tamil Nadu
Rasipuram	Tamil Nadu
Tiruttani	Tamil Nadu
Nandivaram-Guduvancheri	Tamil Nadu
Periyakulam	Tamil Nadu
Pernampattu	Tamil Nadu
Vellakoil	Tamil Nadu
Sivaganga	Tamil Nadu
Vadalur	Tamil Nadu
Rameshwaram	Tamil Nadu
Tiruvethipuram	Tamil Nadu
Perambalur	Tamil Nadu
Usilampatti	Tamil Nadu
Vedaranyam	Tamil Nadu
Sathyamangalam	Tamil Nadu
Puliyankudi	Tamil Nadu
Nanjikottai	Tamil Nadu
Thuraiyur	Tamil Nadu
Sirkali	Tamil Nadu
Tiruchendur	Tamil Nadu
Periyasemur	Tamil Nadu
Sattur	Tamil Nadu
Vandavasi	Tamil Nadu
Tharamangalam	Tamil Nadu
Tirukkoyilur	Tamil Nadu
Oddanchatram	Tamil Nadu
Palladam	Tamil Nadu
Vadakkuvalliyur	Tamil Nadu
Tirukalukundram	Tamil Nadu
Uthamapalayam	Tamil Nadu
Surandai	Tamil Nadu
Sankari	Tamil Nadu
Shenkottai	Tamil Nadu
Vadipatti	Tamil Nadu
Sholingur	Tamil Nadu
Tirupathur	Tamil Nadu
Manachanallur	Tamil Nadu
Viswanatham	Tamil Nadu
Polur	Tamil Nadu
Panagudi	Tamil Nadu
Uthiramerur	Tamil Nadu
Thiruthuraipoondi	Tamil Nadu
Pallapatti	Tamil Nadu
Ponneri	Tamil Nadu
Lalgudi	Tamil Nadu
Natham	Tamil Nadu
Unnamalaikadai	Tamil Nadu
P.N.Patti	Tamil Nadu
Tharangambadi	Tamil Nadu
Tittakudi	Tamil Nadu
Pacode	Tamil Nadu
O' Valley	Tamil Nadu
Suriyampalayam	Tamil Nadu
Sholavandan	Tamil Nadu
Thammampatti	Tamil Nadu
Namagiripettai	Tamil Nadu
Peravurani	Tamil Nadu
Parangipettai	Tamil Nadu
Pudupattinam	Tamil Nadu
Pallikonda	Tamil Nadu
Sivagiri	Tamil Nadu
Punjaipugalur	Tamil Nadu
Padmanabhapuram	Tamil Nadu
Thirupuvanam	Tamil Nadu
Hyderabad	Telangana
Warangal	Telangana
Nizamabad	Telangana
Karimnagar	Telangana
Ramagundam	Telangana
Khammam	Telangana
Mahbubnagar	Telangana
Mancherial	Telangana
Adilabad	Telangana
Suryapet	Telangana
Jagtial	Telangana
Miryalaguda	Telangana
Nirmal	Telangana
Kamareddy	Telangana
Kothagudem	Telangana
Bodhan	Telangana
Palwancha	Telangana
Mandamarri	Telangana
Koratla	Telangana
Sircilla	Telangana
Tandur	Telangana
Siddipet	Telangana
Wanaparthy	Telangana
Kagaznagar	Telangana
Gadwal	Telangana
Sangareddy	Telangana
Bellampalle	Telangana
Bhongir	Telangana
Vikarabad	Telangana
Jangaon	Telangana
Bhadrachalam	Telangana
Bhainsa	Telangana
Farooqnagar	Telangana
Medak	Telangana
Narayanpet	Telangana
Sadasivpet	Telangana
Yellandu	Telangana
Manuguru	Telangana
Kyathampalle	Telangana
Nagarkurnool	Telangana
Agartala	Tripura
Udaipur	Tripura
Dharmanagar	Tripura
Pratapgarh	Tripura
Kailasahar	Tripura
Belonia	Tripura
Khowai	Tripura
Lucknow	Uttar Pradesh
Kanpur	Uttar Pradesh
Firozabad	Uttar Pradesh
Agra	Uttar Pradesh
Meerut	Uttar Pradesh
Varanasi	Uttar Pradesh
Allahabad	Uttar Pradesh
Amroha	Uttar Pradesh
Moradabad	Uttar Pradesh
Aligarh	Uttar Pradesh
Saharanpur	Uttar Pradesh
Noida	Uttar Pradesh
Loni	Uttar Pradesh
Jhansi	Uttar Pradesh
Shahjahanpur	Uttar Pradesh
Rampur	Uttar Pradesh
Modinagar	Uttar Pradesh
Hapur	Uttar Pradesh
Etawah	Uttar Pradesh
Sambhal	Uttar Pradesh
Orai	Uttar Pradesh
Bahraich	Uttar Pradesh
Unnao	Uttar Pradesh
Rae Bareli	Uttar Pradesh
Lakhimpur	Uttar Pradesh
Sitapur	Uttar Pradesh
Lalitpur	Uttar Pradesh
Pilibhit	Uttar Pradesh
Chandausi	Uttar Pradesh
Hardoi 	Uttar Pradesh
Azamgarh	Uttar Pradesh
Khair	Uttar Pradesh
Sultanpur	Uttar Pradesh
Tanda	Uttar Pradesh
Nagina	Uttar Pradesh
Shamli	Uttar Pradesh
Najibabad	Uttar Pradesh
Shikohabad	Uttar Pradesh
Sikandrabad	Uttar Pradesh
Shahabad	Uttar Pradesh
Pilkhuwa	Uttar Pradesh
Renukoot	Uttar Pradesh
Vrindavan	Uttar Pradesh
Ujhani	Uttar Pradesh
Laharpur	Uttar Pradesh
Tilhar	Uttar Pradesh
Sahaswan	Uttar Pradesh
Rath	Uttar Pradesh
Sherkot	Uttar Pradesh
Kalpi	Uttar Pradesh
Tundla	Uttar Pradesh
Sandila	Uttar Pradesh
Nanpara	Uttar Pradesh
Sardhana	Uttar Pradesh
Nehtaur	Uttar Pradesh
Seohara	Uttar Pradesh
Padrauna	Uttar Pradesh
Mathura	Uttar Pradesh
Thakurdwara	Uttar Pradesh
Nawabganj	Uttar Pradesh
Siana	Uttar Pradesh
Noorpur	Uttar Pradesh
Sikandra Rao	Uttar Pradesh
Puranpur	Uttar Pradesh
Rudauli	Uttar Pradesh
Thana Bhawan	Uttar Pradesh
Palia	Uttar Pradesh
Zaidpur	Uttar Pradesh
Nautanwa	Uttar Pradesh
Zamania	Uttar Pradesh
Shikarpur	Uttar Pradesh
Naugawan Sadat	Uttar Pradesh
Fatehpur Sikri	Uttar Pradesh
Shahabad	Uttar Pradesh
Robertsganj	Uttar Pradesh
Utraula	Uttar Pradesh
Sadabad	Uttar Pradesh
Rasra	Uttar Pradesh
Lar	Uttar Pradesh
Lal Gopalganj Nindaura	Uttar Pradesh
Sirsaganj	Uttar Pradesh
Pihani	Uttar Pradesh
Rudrapur	Uttar Pradesh
Soron	Uttar Pradesh
SUrban Agglomerationr	Uttar Pradesh
Samdhan	Uttar Pradesh
Sahjanwa	Uttar Pradesh
Rampur Maniharan	Uttar Pradesh
Sumerpur	Uttar Pradesh
Shahganj	Uttar Pradesh
Tulsipur	Uttar Pradesh
Tirwaganj	Uttar Pradesh
PurqUrban Agglomerationzi	Uttar Pradesh
Shamsabad	Uttar Pradesh
Warhapur	Uttar Pradesh
Powayan	Uttar Pradesh
Sandi	Uttar Pradesh
Achhnera	Uttar Pradesh
Naraura	Uttar Pradesh
Nakur	Uttar Pradesh
Sahaspur	Uttar Pradesh
Safipur	Uttar Pradesh
Reoti	Uttar Pradesh
Sikanderpur	Uttar Pradesh
Saidpur	Uttar Pradesh
Sirsi	Uttar Pradesh
Purwa	Uttar Pradesh
Parasi	Uttar Pradesh
Lalganj	Uttar Pradesh
Phulpur	Uttar Pradesh
Shishgarh	Uttar Pradesh
Sahawar	Uttar Pradesh
Samthar	Uttar Pradesh
Pukhrayan	Uttar Pradesh
Obra	Uttar Pradesh
Niwai	Uttar Pradesh
Dehradun	Uttarakhand
Hardwar	Uttarakhand
Haldwani-cum-Kathgodam	Uttarakhand
Srinagar	Uttarakhand
Kashipur	Uttarakhand
Roorkee	Uttarakhand
Rudrapur	Uttarakhand
Rishikesh	Uttarakhand
Ramnagar	Uttarakhand
Pithoragarh	Uttarakhand
Manglaur	Uttarakhand
Nainital	Uttarakhand
Mussoorie	Uttarakhand
Tehri	Uttarakhand
Pauri	Uttarakhand
Nagla	Uttarakhand
Sitarganj	Uttarakhand
Bageshwar	Uttarakhand
Kolkata	West Bengal
Siliguri	West Bengal
Asansol	West Bengal
Raghunathganj	West Bengal
Kharagpur	West Bengal
Naihati	West Bengal
English Bazar	West Bengal
Baharampur	West Bengal
Hugli-Chinsurah	West Bengal
Raiganj	West Bengal
Jalpaiguri	West Bengal
Santipur	West Bengal
Balurghat	West Bengal
Medinipur	West Bengal
Habra	West Bengal
Ranaghat	West Bengal
Bankura	West Bengal
Nabadwip	West Bengal
Darjiling	West Bengal
Purulia	West Bengal
Arambagh	West Bengal
Tamluk	West Bengal
AlipurdUrban Agglomerationr	West Bengal
Suri	West Bengal
Jhargram	West Bengal
Gangarampur	West Bengal
Rampurhat	West Bengal
Kalimpong	West Bengal
Sainthia	West Bengal
Taki	West Bengal
Murshidabad	West Bengal
Memari	West Bengal
Paschim Punropara	West Bengal
Tarakeswar	West Bengal
Sonamukhi	West Bengal
PandUrban Agglomeration	West Bengal
Mainaguri	West Bengal
Malda	West Bengal
Panchla	West Bengal
Raghunathpur	West Bengal
Mathabhanga	West Bengal
Monoharpur	West Bengal
Srirampore	West Bengal
Adra	West Bengal
